exchange_trade_id,config_file_path,strategy,market,symbol,base_asset,quote_asset,timestamp,order_id,trade_type,order_type,price,amount,leverage,trade_fee,trade_fee_in_quote,position,age
12541009,v2_market-making_dman_v2,v2_market-making_dman_v2,binance_perpetual,SEI-USDT,SEI,USDT,1698440184000,x-3QreWesySSIUT608b8e9bb96e996f4,SELL,LIMIT,0.1058000,141,10,"{'fee_type': 'AddedToCost', 'percent': '0', 'percent_token': 'USDT', 'flat_fees': [{'token': 'USDT', 'amount': '0.00298356'}]}",0.00298356,OPEN,00:00:36
12543561,v2_market-making_dman_v2,v2_market-making_dman_v2,binance_perpetual,SEI-USDT,SEI,USDT,1698446347000,x-3QreWesyBSIUT608ba503b183396f4,BUY,LIMIT,0.1061000,141,10,"{'fee_type': 'AddedToCost', 'percent': '0', 'percent_token': 'USDT', 'flat_fees': [{'token': 'USDT', 'amount': '0.00299202'}]}",0.00299202,OPEN,00:03:04
12543797,v2_market-making_dman_v2,v2_market-making_dman_v2,binance_perpetual,SEI-USDT,SEI,USDT,1698447004000,x-3QreWesySSIUT608ba7669a02996f4,SELL,LIMIT,0.1062000,283,10,"{'fee_type': 'AddedToCost', 'percent': '0', 'percent_token': 'USDT', 'flat_fees': [{'token': 'USDT', 'amount': '0.00601092'}]}",0.00601092,OPEN,00:03:21
12544068,v2_market-making_dman_v2,v2_market-making_dman_v2,binance_perpetual,SEI-USDT,SEI,USDT,1698447701000,x-3QreWesyBSIUT608baabeb5be596f4,BUY,MARKET,0.1059000,283,10,"{'fee_type': 'DeductedFromReturns', 'percent': '0', 'percent_token': 'USDT', 'flat_fees': [{'token': 'USDT', 'amount': '0.01498485'}]}",0.01498485,CLOSE,00:00:00
12544774,v2_market-making_dman_v2,v2_market-making_dman_v2,binance_perpetual,SEI-USDT,SEI,USDT,1698449688000,x-3QreWesySSIUT608bb1e0e322396f4,SELL,LIMIT,0.1063000,282,10,"{'fee_type': 'AddedToCost', 'percent': '0', 'percent_token': 'USDT', 'flat_fees': [{'token': 'USDT', 'amount': '0.00599532'}]}",0.00599532,OPEN,00:01:12
12544859,v2_market-making_dman_v2,v2_market-making_dman_v2,binance_perpetual,SEI-USDT,SEI,USDT,1698449747000,x-3QreWesySSIUT608bb25d844a396f4,SELL,MARKET,0.1063000,141,10,"{'fee_type': 'DeductedFromReturns', 'percent': '0', 'percent_token': 'USDT', 'flat_fees': [{'token': 'USDT', 'amount': '0.00749415'}]}",0.00749415,CLOSE,00:00:00
12546236,v2_market-making_dman_v2,v2_market-making_dman_v2,binance_perpetual,SEI-USDT,SEI,USDT,1698453423000,x-3QreWesyBSIUT608bbf693676d96f4,BUY,LIMIT,0.1067000,140,10,"{'fee_type': 'AddedToCost', 'percent': '0', 'percent_token': 'USDT', 'flat_fees': [{'token': 'USDT', 'amount': '0.00298760'}]}",0.00298760,OPEN,00:02:55
12546311,v2_market-making_dman_v2,v2_market-making_dman_v2,binance_perpetual,SEI-USDT,SEI,USDT,1698453437000,x-3QreWesyBSIUT608bbf05ce59d96f4,BUY,LIMIT,0.1064000,280,10,"{'fee_type': 'AddedToCost', 'percent': '0', 'percent_token': 'USDT', 'flat_fees': [{'token': 'USDT', 'amount': '0.00595840'}]}",0.00595840,OPEN,00:04:53
12546553,v2_market-making_dman_v2,v2_market-making_dman_v2,binance_perpetual,SEI-USDT,SEI,USDT,1698453867000,x-3QreWesySSIUT608bc1b7092df96f4,SELL,MARKET,0.1066000,280,10,"{'fee_type': 'DeductedFromReturns', 'percent': '0', 'percent_token': 'USDT', 'flat_fees': [{'token': 'USDT', 'amount': '0.01492400'}]}",0.01492400,CLOSE,00:00:00
12548284,v2_market-making_dman_v2,v2_market-making_dman_v2,binance_perpetual,SEI-USDT,SEI,USDT,1698458330000,x-3QreWesySSIUT608bd2570fa5e96f4,SELL,MARKET,0.1072000,140,10,"{'fee_type': 'DeductedFromReturns', 'percent': '0', 'percent_token': 'USDT', 'flat_fees': [{'token': 'USDT', 'amount': '0.00750400'}]}",0.00750400,CLOSE,00:00:00
12548719,v2_market-making_dman_v2,v2_market-making_dman_v2,binance_perpetual,SEI-USDT,SEI,USDT,1698459087000,x-3QreWesyBSIUT608bd4c0ffc7f96f4,BUY,LIMIT,0.1069000,140,10,"{'fee_type': 'AddedToCost', 'percent': '0', 'percent_token': 'USDT', 'flat_fees': [{'token': 'USDT', 'amount': '0.00299320'}]}",0.00299320,OPEN,00:01:49
12549320,v2_market-making_dman_v2,v2_market-making_dman_v2,binance_perpetual,SEI-USDT,SEI,USDT,1698461208000,x-3QreWesySSIUT608bdd0f987cd96f4,SELL,MARKET,0.1073000,140,10,"{'fee_type': 'DeductedFromReturns', 'percent': '0', 'percent_token': 'USDT', 'flat_fees': [{'token': 'USDT', 'amount': '0.00751100'}]}",0.00751100,CLOSE,00:00:00
12549918,v2_market-making_dman_v2,v2_market-making_dman_v2,binance_perpetual,SEI-USDT,SEI,USDT,1698461736000,x-3QreWesyBSIUT608bde4dde5aa96f4,BUY,LIMIT,0.1074000,139,10,"{'fee_type': 'AddedToCost', 'percent': '0', 'percent_token': 'USDT', 'flat_fees': [{'token': 'USDT', 'amount': '0.00298572'}]}",0.00298572,OPEN,00:03:15
12551663,v2_market-making_dman_v2,v2_market-making_dman_v2,binance_perpetual,SEI-USDT,SEI,USDT,1698464844000,x-3QreWesySSIUT608bea9b3013996f4,SELL,MARKET,0.1077000,139,10,"{'fee_type': 'DeductedFromReturns', 'percent': '0', 'percent_token': 'USDT', 'flat_fees': [{'token': 'USDT', 'amount': '0.00748515'}]}",0.00748515,CLOSE,00:00:00
12553624,v2_market-making_dman_v2,v2_market-making_dman_v2,binance_perpetual,SEI-USDT,SEI,USDT,1698468428000,x-3QreWesyBSIUT608bf7aa6fbbe96f4,BUY,LIMIT,0.1085000,137,10,"{'fee_type': 'AddedToCost', 'percent': '0', 'percent_token': 'USDT', 'flat_fees': [{'token': 'USDT', 'amount': '0.00297290'}]}",0.00297290,OPEN,00:01:19
12554235,v2_market-making_dman_v2,v2_market-making_dman_v2,binance_perpetual,SEI-USDT,SEI,USDT,1698468779000,x-3QreWesySSIUT608bf9443405496f4,SELL,MARKET,0.1091000,137,10,"{'fee_type': 'DeductedFromReturns', 'percent': '0', 'percent_token': 'USDT', 'flat_fees': [{'token': 'USDT', 'amount': '0.00747335'}]}",0.00747335,CLOSE,00:00:00
12555546,v2_market-making_dman_v2,v2_market-making_dman_v2,binance_perpetual,SEI-USDT,SEI,USDT,1698469161000,x-3QreWesyBSIUT608bfab079d5096f4,BUY,MARKET,0.1100000,141,10,"{'fee_type': 'DeductedFromReturns', 'percent': '0', 'percent_token': 'USDT', 'flat_fees': [{'token': 'USDT', 'amount': '0.00775500'}]}",0.00775500,CLOSE,00:00:00
12555993,v2_market-making_dman_v2,v2_market-making_dman_v2,binance_perpetual,SEI-USDT,SEI,USDT,1698469212000,x-3QreWesySSIUT608bfabfe46ce96f4,SELL,LIMIT,0.1104000,136,10,"{'fee_type': 'AddedToCost', 'percent': '0', 'percent_token': 'USDT', 'flat_fees': [{'token': 'USDT', 'amount': '0.00300288'}]}",0.00300288,OPEN,00:00:35
12556225,v2_market-making_dman_v2,v2_market-making_dman_v2,binance_perpetual,SEI-USDT,SEI,USDT,1698469233000,x-3QreWesyBSIUT608bfaf4f64d696f4,BUY,MARKET,0.1099000,136,10,"{'fee_type': 'DeductedFromReturns', 'percent': '0', 'percent_token': 'USDT', 'flat_fees': [{'token': 'USDT', 'amount': '0.00747320'}]}",0.00747320,CLOSE,n/a
12556879,v2_market-making_dman_v2,v2_market-making_dman_v2,binance_perpetual,SEI-USDT,SEI,USDT,1698469361000,x-3QreWesySSIUT608bfb044c2de96f4,SELL,LIMIT,0.1102000,136,10,"{'fee_type': 'AddedToCost', 'percent': '0', 'percent_token': 'USDT', 'flat_fees': [{'token': 'USDT', 'amount': '0.00299744'}]}",0.00299744,OPEN,00:01:52
12557031,v2_market-making_dman_v2,v2_market-making_dman_v2,binance_perpetual,SEI-USDT,SEI,USDT,1698469369000,x-3QreWesyBSIUT608bfb76d1d1496f4,BUY,MARKET,0.1106000,282,10,"{'fee_type': 'DeductedFromReturns', 'percent': '0', 'percent_token': 'USDT', 'flat_fees': [{'token': 'USDT', 'amount': '0.01559460'}]}",0.01559460,CLOSE,n/a
12557963,v2_market-making_dman_v2,v2_market-making_dman_v2,binance_perpetual,SEI-USDT,SEI,USDT,1698469453000,x-3QreWesySSIUT608bfb864ec7496f4,SELL,LIMIT,0.1114000,270,10,"{'fee_type': 'AddedToCost', 'percent': '0', 'percent_token': 'USDT', 'flat_fees': [{'token': 'USDT', 'amount': '0.00601560'}]}",0.00601560,OPEN,00:01:08
12558541,v2_market-making_dman_v2,v2_market-making_dman_v2,binance_perpetual,SEI-USDT,SEI,USDT,1698469475000,x-3QreWesyBSIUT608bfbdc34a4596f4,BUY,MARKET,0.1109000,270,10,"{'fee_type': 'DeductedFromReturns', 'percent': '0', 'percent_token': 'USDT', 'flat_fees': [{'token': 'USDT', 'amount': '0.01497150'}]}",0.01497150,CLOSE,n/a
12561167,v2_market-making_dman_v2,v2_market-making_dman_v2,binance_perpetual,SEI-USDT,SEI,USDT,1698469665000,x-3QreWesySSIUT608bfbebb7ba596f4,SELL,LIMIT,0.1122000,269,10,"{'fee_type': 'AddedToCost', 'percent': '0', 'percent_token': 'USDT', 'flat_fees': [{'token': 'USDT', 'amount': '0.00603636'}]}",0.00603636,OPEN,00:02:54
12562155,v2_market-making_dman_v2,v2_market-making_dman_v2,binance_perpetual,SEI-USDT,SEI,USDT,1698469685000,x-3QreWesyBSIUT608bfca4a8cb996f4,BUY,MARKET,0.1119000,269,10,"{'fee_type': 'DeductedFromReturns', 'percent': '0', 'percent_token': 'USDT', 'flat_fees': [{'token': 'USDT', 'amount': '0.01505055'}]}",0.01505055,CLOSE,00:00:00
12566606,v2_market-making_dman_v2,v2_market-making_dman_v2,binance_perpetual,SEI-USDT,SEI,USDT,1698470746000,x-3QreWesyBSIUT608c009881cde96f4,BUY,MARKET,0.1100000,136,10,"{'fee_type': 'DeductedFromReturns', 'percent': '0', 'percent_token': 'USDT', 'flat_fees': [{'token': 'USDT', 'amount': '0.00748000'}]}",0.00748000,CLOSE,n/a
12566696,v2_market-making_dman_v2,v2_market-making_dman_v2,binance_perpetual,SEI-USDT,SEI,USDT,1698470827000,x-3QreWesySSIUT608c00a7f618896f4,SELL,LIMIT,0.1100000,136,10,"{'fee_type': 'AddedToCost', 'percent': '0', 'percent_token': 'USDT', 'flat_fees': [{'token': 'USDT', 'amount': '0.00299200'}]}",0.00299200,OPEN,00:01:04
12567287,v2_market-making_dman_v2,v2_market-making_dman_v2,binance_perpetual,SEI-USDT,SEI,USDT,1698471190000,x-3QreWesyBSIUT608c023f4604f96f4,BUY,MARKET,0.1098000,136,10,"{'fee_type': 'DeductedFromReturns', 'percent': '0', 'percent_token': 'USDT', 'flat_fees': [{'token': 'USDT', 'amount': '0.00746640'}]}",0.00746640,CLOSE,n/a
12567365,v2_market-making_dman_v2,v2_market-making_dman_v2,binance_perpetual,SEI-USDT,SEI,USDT,1698471221000,x-3QreWesySSIUT608c024ebc82396f4,SELL,LIMIT,0.1098000,136,10,"{'fee_type': 'AddedToCost', 'percent': '0', 'percent_token': 'USDT', 'flat_fees': [{'token': 'USDT', 'amount': '0.00298656'}]}",0.00298656,OPEN,00:00:15
12568909,v2_market-making_dman_v2,v2_market-making_dman_v2,binance_perpetual,SEI-USDT,SEI,USDT,1698472096000,x-3QreWesyBSIUT608c059fec5fa96f4,BUY,MARKET,0.1096000,136,10,"{'fee_type': 'DeductedFromReturns', 'percent': '0', 'percent_token': 'USDT', 'flat_fees': [{'token': 'USDT', 'amount': '0.00745280'}]}",0.00745280,CLOSE,n/a
12571594,v2_market-making_dman_v2,v2_market-making_dman_v2,binance_perpetual,SEI-USDT,SEI,USDT,1698474372000,x-3QreWesySSIUT608c0df014fbe96f4,SELL,LIMIT,0.1093000,137,10,"{'fee_type': 'AddedToCost', 'percent': '0', 'percent_token': 'USDT', 'flat_fees': [{'token': 'USDT', 'amount': '0.00299482'}]}",0.00299482,OPEN,00:00:44
12573951,v2_market-making_dman_v2,v2_market-making_dman_v2,binance_perpetual,SEI-USDT,SEI,USDT,1698477499000,x-3QreWesySSIUT608c19042311a96f4,SELL,LIMIT,0.1096000,274,10,"{'fee_type': 'AddedToCost', 'percent': '0', 'percent_token': 'USDT', 'flat_fees': [{'token': 'USDT', 'amount': '0.00600608'}]}",0.00600608,OPEN,00:03:17
12578515,v2_market-making_dman_v2,v2_market-making_dman_v2,binance_perpetual,SEI-USDT,SEI,USDT,1698480379000,x-3QreWesyBSIUT608c23d5b575696f4,BUY,LIMIT,0.1103000,135,10,"{'fee_type': 'AddedToCost', 'percent': '0', 'percent_token': 'USDT', 'flat_fees': [{'token': 'USDT', 'amount': '0.00297810'}]}",0.00297810,OPEN,00:02:53
12578597,v2_market-making_dman_v2,v2_market-making_dman_v2,binance_perpetual,SEI-USDT,SEI,USDT,1698480394000,x-3QreWesyBSIUT608c23c29b1a596f4,BUY,LIMIT,0.1100000,271,10,"{'fee_type': 'AddedToCost', 'percent': '0', 'percent_token': 'USDT', 'flat_fees': [{'token': 'USDT', 'amount': '0.00596200'}]}",0.00596200,OPEN,00:03:28
12578810,v2_market-making_dman_v2,v2_market-making_dman_v2,binance_perpetual,SEI-USDT,SEI,USDT,1698480585000,x-3QreWesySSIUT608c253f1849096f4,SELL,MARKET,0.1104000,271,10,"{'fee_type': 'DeductedFromReturns', 'percent': '0', 'percent_token': 'USDT', 'flat_fees': [{'token': 'USDT', 'amount': '0.01495920'}]}",0.01495920,CLOSE,00:00:00
12578875,v2_market-making_dman_v2,v2_market-making_dman_v2,binance_perpetual,SEI-USDT,SEI,USDT,1698480660000,x-3QreWesySSIUT608c2586c9d7596f4,SELL,MARKET,0.1105000,135,10,"{'fee_type': 'DeductedFromReturns', 'percent': '0', 'percent_token': 'USDT', 'flat_fees': [{'token': 'USDT', 'amount': '0.00745875'}]}",0.00745875,CLOSE,00:00:00
12581552,v2_market-making_dman_v2,v2_market-making_dman_v2,binance_perpetual,SEI-USDT,SEI,USDT,1698483404000,x-3QreWesyBSIUT608c2f0957f7196f4,BUY,LIMIT,0.1107000,135,10,"{'fee_type': 'AddedToCost', 'percent': '0', 'percent_token': 'USDT', 'flat_fees': [{'token': 'USDT', 'amount': '0.00298890'}]}",0.00298890,OPEN,00:03:11
12581586,v2_market-making_dman_v2,v2_market-making_dman_v2,binance_perpetual,SEI-USDT,SEI,USDT,1698483412000,x-3QreWesyBSIUT608c2ebeeb6ba96f4,BUY,LIMIT,0.1106000,269,10,"{'fee_type': 'AddedToCost', 'percent': '0', 'percent_token': 'USDT', 'flat_fees': [{'token': 'USDT', 'amount': '0.00595028'}]}",0.00595028,OPEN,00:04:37
12582833,v2_market-making_dman_v2,v2_market-making_dman_v2,binance_perpetual,SEI-USDT,SEI,USDT,1698484142000,x-3QreWesySSIUT608c327f3109b96f4,SELL,MARKET,0.1108000,269,10,"{'fee_type': 'DeductedFromReturns', 'percent': '0', 'percent_token': 'USDT', 'flat_fees': [{'token': 'USDT', 'amount': '0.01490260'}]}",0.01490260,CLOSE,00:00:00
12583069,v2_market-making_dman_v2,v2_market-making_dman_v2,binance_perpetual,SEI-USDT,SEI,USDT,1698484390000,x-3QreWesySSIUT608c336c50f0996f4,SELL,MARKET,0.1109000,135,10,"{'fee_type': 'DeductedFromReturns', 'percent': '0', 'percent_token': 'USDT', 'flat_fees': [{'token': 'USDT', 'amount': '0.00748575'}]}",0.00748575,CLOSE,00:00:00
12583405,v2_market-making_dman_v2,v2_market-making_dman_v2,binance_perpetual,SEI-USDT,SEI,USDT,1698484694000,x-3QreWesyBSIUT608c337b53de496f4,BUY,LIMIT,0.1104000,135,10,"{'fee_type': 'AddedToCost', 'percent': '0', 'percent_token': 'USDT', 'flat_fees': [{'token': 'USDT', 'amount': '0.00298080'}]}",0.00298080,OPEN,00:04:48
12583679,v2_market-making_dman_v2,v2_market-making_dman_v2,binance_perpetual,SEI-USDT,SEI,USDT,1698484826000,x-3QreWesySSIUT608c350b6474c96f4,SELL,MARKET,0.1107000,135,10,"{'fee_type': 'DeductedFromReturns', 'percent': '0', 'percent_token': 'USDT', 'flat_fees': [{'token': 'USDT', 'amount': '0.00747225'}]}",0.00747225,CLOSE,00:00:00
12587242,v2_market-making_dman_v2,v2_market-making_dman_v2,binance_perpetual,SEI-USDT,SEI,USDT,1698488555000,x-3QreWesyBSIUT608c4214db5eb96f4,BUY,LIMIT,0.1093000,136,10,"{'fee_type': 'AddedToCost', 'percent': '0', 'percent_token': 'USDT', 'flat_fees': [{'token': 'USDT', 'amount': '0.00297296'}]}",0.00297296,OPEN,00:03:50
12587289,v2_market-making_dman_v2,v2_market-making_dman_v2,binance_perpetual,SEI-USDT,SEI,USDT,1698488580000,x-3QreWesyBSIUT608c4307aff4e96f4,BUY,MARKET,0.1094000,274,10,"{'fee_type': 'DeductedFromReturns', 'percent': '0', 'percent_token': 'USDT', 'flat_fees': [{'token': 'USDT', 'amount': '0.01498780'}]}",0.01498780,CLOSE,n/a
12588698,v2_market-making_dman_v2,v2_market-making_dman_v2,binance_perpetual,SEI-USDT,SEI,USDT,1698490684000,x-3QreWesySSIUT608c4ade8df0096f4,SELL,MARKET,0.1095000,136,10,"{'fee_type': 'DeductedFromReturns', 'percent': '0', 'percent_token': 'USDT', 'flat_fees': [{'token': 'USDT', 'amount': '0.00744600'}]}",0.00744600,CLOSE,n/a
12588819,v2_market-making_dman_v2,v2_market-making_dman_v2,binance_perpetual,SEI-USDT,SEI,USDT,1698490828000,x-3QreWesyBSIUT608c4aef0bbf296f4,BUY,LIMIT,0.1094000,136,10,"{'fee_type': 'AddedToCost', 'percent': '0', 'percent_token': 'USDT', 'flat_fees': [{'token': 'USDT', 'amount': '0.00297568'}]}",0.00297568,OPEN,00:02:07
12589072,v2_market-making_dman_v2,v2_market-making_dman_v2,binance_perpetual,SEI-USDT,SEI,USDT,1698491103000,x-3QreWesySSIUT608c4b580133f96f4,SELL,LIMIT,0.1101000,273,10,"{'fee_type': 'AddedToCost', 'percent': '0', 'percent_token': 'USDT', 'flat_fees': [{'token': 'USDT', 'amount': '0.00601146'}]}",0.00601146,OPEN,00:04:52
12589213,v2_market-making_dman_v2,v2_market-making_dman_v2,binance_perpetual,SEI-USDT,SEI,USDT,1698491114000,x-3QreWesySSIUT608c4c77e2bfe96f4,SELL,MARKET,0.1100000,136,10,"{'fee_type': 'DeductedFromReturns', 'percent': '0', 'percent_token': 'USDT', 'flat_fees': [{'token': 'USDT', 'amount': '0.00748000'}]}",0.00748000,CLOSE,00:00:01
12590698,v2_market-making_dman_v2,v2_market-making_dman_v2,binance_perpetual,SEI-USDT,SEI,USDT,1698492109000,x-3QreWesyBSIUT608c501278b9d96f4,BUY,LIMIT,0.1104000,135,10,"{'fee_type': 'AddedToCost', 'percent': '0', 'percent_token': 'USDT', 'flat_fees': [{'token': 'USDT', 'amount': '0.00298080'}]}",0.00298080,OPEN,00:00:28
12590813,v2_market-making_dman_v2,v2_market-making_dman_v2,binance_perpetual,SEI-USDT,SEI,USDT,1698492116000,x-3QreWesyBSIUT608c50105808c96f4,BUY,LIMIT,0.1101000,271,10,"{'fee_type': 'AddedToCost', 'percent': '0', 'percent_token': 'USDT', 'flat_fees': [{'token': 'USDT', 'amount': '0.00596742'}]}",0.00596742,OPEN,00:00:38
12591408,v2_market-making_dman_v2,v2_market-making_dman_v2,binance_perpetual,SEI-USDT,SEI,USDT,1698492320000,x-3QreWesySSIUT608c50f68d1a396f4,SELL,MARKET,0.1103000,271,10,"{'fee_type': 'DeductedFromReturns', 'percent': '0', 'percent_token': 'USDT', 'flat_fees': [{'token': 'USDT', 'amount': '0.01494565'}]}",0.01494565,CLOSE,n/a
12592196,v2_market-making_dman_v2,v2_market-making_dman_v2,binance_perpetual,SEI-USDT,SEI,USDT,1698493079000,x-3QreWesyBSIUT608c536297aa396f4,BUY,LIMIT,0.1096000,272,10,"{'fee_type': 'AddedToCost', 'percent': '0', 'percent_token': 'USDT', 'flat_fees': [{'token': 'USDT', 'amount': '0.00596224'}]}",0.00596224,OPEN,00:01:49
12592332,v2_market-making_dman_v2,v2_market-making_dman_v2,binance_perpetual,SEI-USDT,SEI,USDT,1698493087000,x-3QreWesyBSIUT608c53d1fa1e396f4,BUY,MARKET,0.1095000,273,10,"{'fee_type': 'DeductedFromReturns', 'percent': '0', 'percent_token': 'USDT', 'flat_fees': [{'token': 'USDT', 'amount': '0.01494675'}]}",0.01494675,CLOSE,00:00:01
12593486,v2_market-making_dman_v2,v2_market-making_dman_v2,binance_perpetual,SEI-USDT,SEI,USDT,1698493915000,x-3QreWesySSIUT608c5640cb96696f4,SELL,LIMIT,0.1097000,274,10,"{'fee_type': 'AddedToCost', 'percent': '0', 'percent_token': 'USDT', 'flat_fees': [{'token': 'USDT', 'amount': '0.00601156'}]}",0.00601156,OPEN,00:02:56
12595231,v2_market-making_dman_v2,v2_market-making_dman_v2,binance_perpetual,SEI-USDT,SEI,USDT,1698494828000,x-3QreWesySSIUT608c5a4e0b3f396f4,SELL,MARKET,0.1098000,272,10,"{'fee_type': 'DeductedFromReturns', 'percent': '0', 'percent_token': 'USDT', 'flat_fees': [{'token': 'USDT', 'amount': '0.01493280'}]}",0.01493280,CLOSE,00:00:00
12595757,v2_market-making_dman_v2,v2_market-making_dman_v2,binance_perpetual,SEI-USDT,SEI,USDT,1698495229000,x-3QreWesyBSIUT608c5bccf63f896f4,BUY,MARKET,0.1094000,274,10,"{'fee_type': 'DeductedFromReturns', 'percent': '0', 'percent_token': 'USDT', 'flat_fees': [{'token': 'USDT', 'amount': '0.01498780'}]}",0.01498780,CLOSE,00:00:00
12596681,v2_market-making_dman_v2,v2_market-making_dman_v2,binance_perpetual,SEI-USDT,SEI,USDT,1698496081000,x-3QreWesyBSIUT608c5de8ee48796f4,BUY,LIMIT,0.1087000,274,10,"{'fee_type': 'AddedToCost', 'percent': '0', 'percent_token': 'USDT', 'flat_fees': [{'token': 'USDT', 'amount': '0.00595676'}]}",0.00595676,OPEN,00:04:46
12596759,v2_market-making_dman_v2,v2_market-making_dman_v2,binance_perpetual,SEI-USDT,SEI,USDT,1698496096000,x-3QreWesyBSIUT608c5f073425096f4,BUY,MARKET,0.1089000,137,10,"{'fee_type': 'DeductedFromReturns', 'percent': '0', 'percent_token': 'USDT', 'flat_fees': [{'token': 'USDT', 'amount': '0.00745965'}]}",0.00745965,CLOSE,00:00:01
12599571,v2_market-making_dman_v2,v2_market-making_dman_v2,binance_perpetual,SEI-USDT,SEI,USDT,1698497765000,x-3QreWesySSIUT608c6505dac9296f4,SELL,LIMIT,0.1084000,138,10,"{'fee_type': 'AddedToCost', 'percent': '0', 'percent_token': 'USDT', 'flat_fees': [{'token': 'USDT', 'amount': '0.00299184'}]}",0.00299184,OPEN,00:01:01
12599810,v2_market-making_dman_v2,v2_market-making_dman_v2,binance_perpetual,SEI-USDT,SEI,USDT,1698497913000,x-3QreWesyBSIUT608c65ccd8b6596f4,BUY,MARKET,0.1081000,138,10,"{'fee_type': 'DeductedFromReturns', 'percent': '0', 'percent_token': 'USDT', 'flat_fees': [{'token': 'USDT', 'amount': '0.00745890'}]}",0.00745890,CLOSE,00:00:00
12600344,v2_market-making_dman_v2,v2_market-making_dman_v2,binance_perpetual,SEI-USDT,SEI,USDT,1698498352000,x-3QreWesySSIUT608c670ca907596f4,SELL,LIMIT,0.1084000,138,10,"{'fee_type': 'AddedToCost', 'percent': '0', 'percent_token': 'USDT', 'flat_fees': [{'token': 'USDT', 'amount': '0.00299184'}]}",0.00299184,OPEN,00:01:44
12601432,v2_market-making_dman_v2,v2_market-making_dman_v2,binance_perpetual,SEI-USDT,SEI,USDT,1698499394000,x-3QreWesySSIUT608c6b50b2d1496f4,SELL,MARKET,0.1091000,274,10,"{'fee_type': 'DeductedFromReturns', 'percent': '0', 'percent_token': 'USDT', 'flat_fees': [{'token': 'USDT', 'amount': '0.01494670'}]}",0.01494670,CLOSE,00:00:00
12602865,v2_market-making_dman_v2,v2_market-making_dman_v2,binance_perpetual,SEI-USDT,SEI,USDT,1698501514000,x-3QreWesySSIUT608c72543cedb96f4,SELL,LIMIT,0.1094000,275,10,"{'fee_type': 'AddedToCost', 'percent': '0', 'percent_token': 'USDT', 'flat_fees': [{'token': 'USDT', 'amount': '0.00601700'}]}",0.00601700,OPEN,00:03:58
12604202,v2_market-making_dman_v2,v2_market-making_dman_v2,binance_perpetual,SEI-USDT,SEI,USDT,1698503306000,x-3QreWesyBSIUT608c79e334e0a96f4,BUY,MARKET,0.1092000,275,10,"{'fee_type': 'DeductedFromReturns', 'percent': '0', 'percent_token': 'USDT', 'flat_fees': [{'token': 'USDT', 'amount': '0.01501500'}]}",0.01501500,CLOSE,00:00:01
12608348,v2_market-making_dman_v2,v2_market-making_dman_v2,binance_perpetual,SEI-USDT,SEI,USDT,1698509211000,x-3QreWesySSIUT608c8f3f9564b96f4,SELL,LIMIT,0.1103000,273,10,"{'fee_type': 'AddedToCost', 'percent': '0', 'percent_token': 'USDT', 'flat_fees': [{'token': 'USDT', 'amount': '0.00602238'}]}",0.00602238,OPEN,00:02:53
12609020,v2_market-making_dman_v2,v2_market-making_dman_v2,binance_perpetual,SEI-USDT,SEI,USDT,1698509749000,x-3QreWesyBSIUT608c91e44f2a496f4,BUY,MARKET,0.1099000,273,10,"{'fee_type': 'DeductedFromReturns', 'percent': '0', 'percent_token': 'USDT', 'flat_fees': [{'token': 'USDT', 'amount': '0.01500135'}]}",0.01500135,CLOSE,n/a
12610063,v2_market-making_dman_v2,v2_market-making_dman_v2,binance_perpetual,SEI-USDT,SEI,USDT,1698511755000,x-3QreWesySSIUT608c990a7803296f4,SELL,LIMIT,0.1104000,272,10,"{'fee_type': 'AddedToCost', 'percent': '0', 'percent_token': 'USDT', 'flat_fees': [{'token': 'USDT', 'amount': '0.00600576'}]}",0.00600576,OPEN,00:01:27
12610786,v2_market-making_dman_v2,v2_market-making_dman_v2,binance_perpetual,SEI-USDT,SEI,USDT,1698512999000,x-3QreWesyBSIUT608c9dffc826e96f4,BUY,MARKET,0.1102000,272,10,"{'fee_type': 'DeductedFromReturns', 'percent': '0', 'percent_token': 'USDT', 'flat_fees': [{'token': 'USDT', 'amount': '0.01498720'}]}",0.01498720,CLOSE,00:00:00
12611532,v2_market-making_dman_v2,v2_market-making_dman_v2,binance_perpetual,SEI-USDT,SEI,USDT,1698513699000,x-3QreWesySSIUT608ca06d39cdf96f4,SELL,LIMIT,0.1102000,273,10,"{'fee_type': 'AddedToCost', 'percent': '0', 'percent_token': 'USDT', 'flat_fees': [{'token': 'USDT', 'amount': '0.00601692'}]}",0.00601692,OPEN,00:00:48
12612834,v2_market-making_dman_v2,v2_market-making_dman_v2,binance_perpetual,SEI-USDT,SEI,USDT,1698515157000,x-3QreWesyBSIUT608ca60980f2b96f4,BUY,MARKET,0.1100000,273,10,"{'fee_type': 'DeductedFromReturns', 'percent': '0', 'percent_token': 'USDT', 'flat_fees': [{'token': 'USDT', 'amount': '0.01501500'}]}",0.01501500,CLOSE,n/a
12614193,v2_market-making_dman_v2,v2_market-making_dman_v2,binance_perpetual,SEI-USDT,SEI,USDT,1698517996000,x-3QreWesySSIUT608caf8eaa0f096f4,SELL,LIMIT,0.1098000,273,10,"{'fee_type': 'AddedToCost', 'percent': '0', 'percent_token': 'USDT', 'flat_fees': [{'token': 'USDT', 'amount': '0.00599508'}]}",0.00599508,OPEN,00:04:44
12616057,v2_market-making_dman_v2,v2_market-making_dman_v2,binance_perpetual,SEI-USDT,SEI,USDT,1698521739000,x-3QreWesyBSIUT608cbe8ecb61d96f4,BUY,MARKET,0.1096000,273,10,"{'fee_type': 'DeductedFromReturns', 'percent': '0', 'percent_token': 'USDT', 'flat_fees': [{'token': 'USDT', 'amount': '0.01496040'}]}",0.01496040,CLOSE,n/a
12619366,v2_market-making_dman_v2,v2_market-making_dman_v2,binance_perpetual,SEI-USDT,SEI,USDT,1698528123000,x-3QreWesySSIUT608cd63f9974796f4,SELL,LIMIT,0.1107000,271,10,"{'fee_type': 'AddedToCost', 'percent': '0', 'percent_token': 'USDT', 'flat_fees': [{'token': 'USDT', 'amount': '0.00599994'}]}",0.00599994,OPEN,00:00:25
12619603,v2_market-making_dman_v2,v2_market-making_dman_v2,binance_perpetual,SEI-USDT,SEI,USDT,1698528493000,x-3QreWesyBSIUT608cd7b70c11596f4,BUY,MARKET,0.1105000,271,10,"{'fee_type': 'DeductedFromReturns', 'percent': '0', 'percent_token': 'USDT', 'flat_fees': [{'token': 'USDT', 'amount': '0.01497275'}]}",0.01497275,CLOSE,00:00:02
12620275,v2_market-making_dman_v2,v2_market-making_dman_v2,binance_perpetual,SEI-USDT,SEI,USDT,1698529923000,x-3QreWesySSIUT608cdc837bc8d96f4,SELL,LIMIT,0.1105000,272,10,"{'fee_type': 'AddedToCost', 'percent': '0', 'percent_token': 'USDT', 'flat_fees': [{'token': 'USDT', 'amount': '0.00601120'}]}",0.00601120,OPEN,00:02:23
12621001,v2_market-making_dman_v2,v2_market-making_dman_v2,binance_perpetual,SEI-USDT,SEI,USDT,1698531725000,x-3QreWesyBSIUT608ce2c06878996f4,BUY,LIMIT,0.1100000,271,10,"{'fee_type': 'AddedToCost', 'percent': '0', 'percent_token': 'USDT', 'flat_fees': [{'token': 'USDT', 'amount': '0.00596200'}]}",0.00596200,OPEN,00:04:30
12621149,v2_market-making_dman_v2,v2_market-making_dman_v2,binance_perpetual,SEI-USDT,SEI,USDT,1698531964000,x-3QreWesyBSIUT608ce4a68898696f4,BUY,MARKET,0.1100000,272,10,"{'fee_type': 'DeductedFromReturns', 'percent': '0', 'percent_token': 'USDT', 'flat_fees': [{'token': 'USDT', 'amount': '0.01496000'}]}",0.01496000,CLOSE,00:00:00
12622508,v2_market-making_dman_v2,v2_market-making_dman_v2,binance_perpetual,SEI-USDT,SEI,USDT,1698533702000,x-3QreWesySSIUT608ceb1fe4efe96f4,SELL,MARKET,0.1102000,271,10,"{'fee_type': 'DeductedFromReturns', 'percent': '0', 'percent_token': 'USDT', 'flat_fees': [{'token': 'USDT', 'amount': '0.01493210'}]}",0.01493210,CLOSE,n/a
12623855,v2_market-making_dman_v2,v2_market-making_dman_v2,binance_perpetual,SEI-USDT,SEI,USDT,1698535749000,x-3QreWesySSIUT608cf1bab79fc96f4,SELL,LIMIT,0.1101000,273,10,"{'fee_type': 'AddedToCost', 'percent': '0', 'percent_token': 'USDT', 'flat_fees': [{'token': 'USDT', 'amount': '0.00601146'}]}",0.00601146,OPEN,00:04:34
12625532,v2_market-making_dman_v2,v2_market-making_dman_v2,binance_perpetual,SEI-USDT,SEI,USDT,1698538410000,x-3QreWesyBSIUT608cfca98aa3896f4,BUY,MARKET,0.1099000,273,10,"{'fee_type': 'DeductedFromReturns', 'percent': '0', 'percent_token': 'USDT', 'flat_fees': [{'token': 'USDT', 'amount': '0.01500135'}]}",0.01500135,CLOSE,00:00:00
12625545,v2_market-making_dman_v2,v2_market-making_dman_v2,binance_perpetual,SEI-USDT,SEI,USDT,1698538420000,x-3QreWesyBSIUT608cfbb8eb6f796f4,BUY,LIMIT,0.1097000,272,10,"{'fee_type': 'AddedToCost', 'percent': '0', 'percent_token': 'USDT', 'flat_fees': [{'token': 'USDT', 'amount': '0.00596768'}]}",0.00596768,OPEN,00:04:23
12625694,v2_market-making_dman_v2,v2_market-making_dman_v2,binance_perpetual,SEI-USDT,SEI,USDT,1698538545000,x-3QreWesySSIUT608cfcbb45ce696f4,SELL,LIMIT,0.1101000,273,10,"{'fee_type': 'AddedToCost', 'percent': '0', 'percent_token': 'USDT', 'flat_fees': [{'token': 'USDT', 'amount': '0.00601146'}]}",0.00601146,OPEN,00:01:58
12625774,v2_market-making_dman_v2,v2_market-making_dman_v2,binance_perpetual,SEI-USDT,SEI,USDT,1698538569000,x-3QreWesySSIUT608cfd413063096f4,SELL,MARKET,0.1100000,272,10,"{'fee_type': 'DeductedFromReturns', 'percent': '0', 'percent_token': 'USDT', 'flat_fees': [{'token': 'USDT', 'amount': '0.01496000'}]}",0.01496000,CLOSE,n/a
12626144,v2_market-making_dman_v2,v2_market-making_dman_v2,binance_perpetual,SEI-USDT,SEI,USDT,1698539050000,x-3QreWesyBSIUT608cff0c882e196f4,BUY,MARKET,0.1099000,273,10,"{'fee_type': 'DeductedFromReturns', 'percent': '0', 'percent_token': 'USDT', 'flat_fees': [{'token': 'USDT', 'amount': '0.01500135'}]}",0.01500135,CLOSE,00:00:00
12626171,v2_market-making_dman_v2,v2_market-making_dman_v2,binance_perpetual,SEI-USDT,SEI,USDT,1698539117000,x-3QreWesyBSIUT608cfe7f89bf596f4,BUY,LIMIT,0.1097000,272,10,"{'fee_type': 'AddedToCost', 'percent': '0', 'percent_token': 'USDT', 'flat_fees': [{'token': 'USDT', 'amount': '0.00596768'}]}",0.00596768,OPEN,00:03:34
12626400,v2_market-making_dman_v2,v2_market-making_dman_v2,binance_perpetual,SEI-USDT,SEI,USDT,1698539432000,x-3QreWesySSIUT608d0077f434496f4,SELL,MARKET,0.1100000,272,10,"{'fee_type': 'DeductedFromReturns', 'percent': '0', 'percent_token': 'USDT', 'flat_fees': [{'token': 'USDT', 'amount': '0.01496000'}]}",0.01496000,CLOSE,00:00:00
12626933,v2_market-making_dman_v2,v2_market-making_dman_v2,binance_perpetual,SEI-USDT,SEI,USDT,1698540146000,x-3QreWesySSIUT608d02aa7925896f4,SELL,LIMIT,0.1102000,273,10,"{'fee_type': 'AddedToCost', 'percent': '0', 'percent_token': 'USDT', 'flat_fees': [{'token': 'USDT', 'amount': '0.00601692'}]}",0.00601692,OPEN,00:02:05
12627499,v2_market-making_dman_v2,v2_market-making_dman_v2,binance_perpetual,SEI-USDT,SEI,USDT,1698540789000,x-3QreWesyBSIUT608d0540d8b3796f4,BUY,LIMIT,0.1101000,271,10,"{'fee_type': 'AddedToCost', 'percent': '0', 'percent_token': 'USDT', 'flat_fees': [{'token': 'USDT', 'amount': '0.00596742'}]}",0.00596742,OPEN,00:01:13
12627821,v2_market-making_dman_v2,v2_market-making_dman_v2,binance_perpetual,SEI-USDT,SEI,USDT,1698541046000,x-3QreWesyBSIUT608d067b77f2896f4,BUY,MARKET,0.1100000,273,10,"{'fee_type': 'DeductedFromReturns', 'percent': '0', 'percent_token': 'USDT', 'flat_fees': [{'token': 'USDT', 'amount': '0.01501500'}]}",0.01501500,CLOSE,00:00:00
12631116,v2_market-making_dman_v2,v2_market-making_dman_v2,binance_perpetual,SEI-USDT,SEI,USDT,1698542621000,x-3QreWesyBSIUT608d0c5947d2e96f4,BUY,MARKET,0.1079000,138,10,"{'fee_type': 'DeductedFromReturns', 'percent': '0', 'percent_token': 'USDT', 'flat_fees': [{'token': 'USDT', 'amount': '0.00744510'}]}",0.00744510,CLOSE,00:00:00
12632299,v2_market-making_dman_v2,v2_market-making_dman_v2,binance_perpetual,SEI-USDT,SEI,USDT,1698543415000,x-3QreWesySSIUT608d0ec79b1f296f4,SELL,LIMIT,0.1091000,138,10,"{'fee_type': 'AddedToCost', 'percent': '0', 'percent_token': 'USDT', 'flat_fees': [{'token': 'USDT', 'amount': '0.00301116'}]}",0.00301116,OPEN,00:02:22
12633407,v2_market-making_dman_v2,v2_market-making_dman_v2,binance_perpetual,SEI-USDT,SEI,USDT,1698545120000,x-3QreWesyBSIUT608d15a86ccf496f4,BUY,MARKET,0.1086000,138,10,"{'fee_type': 'DeductedFromReturns', 'percent': '0', 'percent_token': 'USDT', 'flat_fees': [{'token': 'USDT', 'amount': '0.00749340'}]}",0.00749340,CLOSE,00:00:00
12633724,v2_market-making_dman_v2,v2_market-making_dman_v2,binance_perpetual,SEI-USDT,SEI,USDT,1698545399000,x-3QreWesySSIUT608d15b85d23c96f4,SELL,LIMIT,0.1090000,138,10,"{'fee_type': 'AddedToCost', 'percent': '0', 'percent_token': 'USDT', 'flat_fees': [{'token': 'USDT', 'amount': '0.00300840'}]}",0.00300840,OPEN,00:04:23
12634666,v2_market-making_dman_v2,v2_market-making_dman_v2,binance_perpetual,SEI-USDT,SEI,USDT,1698547096000,x-3QreWesyBSIUT608d1d04b22c996f4,BUY,MARKET,0.1088000,138,10,"{'fee_type': 'DeductedFromReturns', 'percent': '0', 'percent_token': 'USDT', 'flat_fees': [{'token': 'USDT', 'amount': '0.00750720'}]}",0.00750720,CLOSE,n/a
12634777,v2_market-making_dman_v2,v2_market-making_dman_v2,binance_perpetual,SEI-USDT,SEI,USDT,1698547258000,x-3QreWesySSIUT608d1d169bae796f4,SELL,LIMIT,0.1090000,137,10,"{'fee_type': 'AddedToCost', 'percent': '0', 'percent_token': 'USDT', 'flat_fees': [{'token': 'USDT', 'amount': '0.00298660'}]}",0.00298660,OPEN,00:02:24
12634874,v2_market-making_dman_v2,v2_market-making_dman_v2,binance_perpetual,SEI-USDT,SEI,USDT,1698547259000,x-3QreWesySSIUT608d1d040399c96f4,SELL,LIMIT,0.1093000,275,10,"{'fee_type': 'AddedToCost', 'percent': '0', 'percent_token': 'USDT', 'flat_fees': [{'token': 'USDT', 'amount': '0.00601150'}]}",0.00601150,OPEN,00:02:45
12636890,v2_market-making_dman_v2,v2_market-making_dman_v2,binance_perpetual,SEI-USDT,SEI,USDT,1698551720000,x-3QreWesyBSIUT608d2e3ee17cb96f4,BUY,MARKET,0.1089000,275,10,"{'fee_type': 'DeductedFromReturns', 'percent': '0', 'percent_token': 'USDT', 'flat_fees': [{'token': 'USDT', 'amount': '0.01497375'}]}",0.01497375,CLOSE,n/a
12637434,v2_market-making_dman_v2,v2_market-making_dman_v2,binance_perpetual,SEI-USDT,SEI,USDT,1698552167000,x-3QreWesyBSIUT608d2fe8f6d1596f4,BUY,MARKET,0.1087000,137,10,"{'fee_type': 'DeductedFromReturns', 'percent': '0', 'percent_token': 'USDT', 'flat_fees': [{'token': 'USDT', 'amount': '0.00744595'}]}",0.00744595,CLOSE,00:00:00
12637753,v2_market-making_dman_v2,v2_market-making_dman_v2,binance_perpetual,SEI-USDT,SEI,USDT,1698552420000,x-3QreWesySSIUT608d2ff97648a96f4,SELL,LIMIT,0.1087000,138,10,"{'fee_type': 'AddedToCost', 'percent': '0', 'percent_token': 'USDT', 'flat_fees': [{'token': 'USDT', 'amount': '0.00300012'}]}",0.00300012,OPEN,00:03:56
12638338,v2_market-making_dman_v2,v2_market-making_dman_v2,binance_perpetual,SEI-USDT,SEI,USDT,1698553121000,x-3QreWesySSIUT608d3306cbb0396f4,SELL,LIMIT,0.1093000,275,10,"{'fee_type': 'AddedToCost', 'percent': '0', 'percent_token': 'USDT', 'flat_fees': [{'token': 'USDT', 'amount': '0.00601150'}]}",0.00601150,OPEN,00:01:58
12640483,v2_market-making_dman_v2,v2_market-making_dman_v2,binance_perpetual,SEI-USDT,SEI,USDT,1698557272000,x-3QreWesyBSIUT608d42edbaefa96f4,BUY,MARKET,0.1091000,275,10,"{'fee_type': 'DeductedFromReturns', 'percent': '0', 'percent_token': 'USDT', 'flat_fees': [{'token': 'USDT', 'amount': '0.01500125'}]}",0.01500125,CLOSE,n/a
12640905,v2_market-making_dman_v2,v2_market-making_dman_v2,binance_perpetual,SEI-USDT,SEI,USDT,1698558298000,x-3QreWesySSIUT608d468d1090596f4,SELL,LIMIT,0.1095000,274,10,"{'fee_type': 'AddedToCost', 'percent': '0', 'percent_token': 'USDT', 'flat_fees': [{'token': 'USDT', 'amount': '0.00600060'}]}",0.00600060,OPEN,00:00:55
12641132,v2_market-making_dman_v2,v2_market-making_dman_v2,binance_perpetual,SEI-USDT,SEI,USDT,1698558653000,x-3QreWesyBSIUT608d4812c7c4996f4,BUY,MARKET,0.1093000,274,10,"{'fee_type': 'DeductedFromReturns', 'percent': '0', 'percent_token': 'USDT', 'flat_fees': [{'token': 'USDT', 'amount': '0.01497410'}]}",0.01497410,CLOSE,00:00:00
12644135,v2_market-making_dman_v2,v2_market-making_dman_v2,binance_perpetual,SEI-USDT,SEI,USDT,1698563447000,x-3QreWesySSIUT608d59e1edaee96f4,SELL,LIMIT,0.1099000,273,10,"{'fee_type': 'AddedToCost', 'percent': '0', 'percent_token': 'USDT', 'flat_fees': [{'token': 'USDT', 'amount': '0.00600054'}]}",0.00600054,OPEN,00:00:13
12645157,v2_market-making_dman_v2,v2_market-making_dman_v2,binance_perpetual,SEI-USDT,SEI,USDT,1698564536000,x-3QreWesySSIUT608d5dfb91d2a96f4,SELL,MARKET,0.1103000,271,10,"{'fee_type': 'DeductedFromReturns', 'percent': '0', 'percent_token': 'USDT', 'flat_fees': [{'token': 'USDT', 'amount': '0.01494565'}]}",0.01494565,CLOSE,00:00:02
12646857,v2_market-making_dman_v2,v2_market-making_dman_v2,binance_perpetual,SEI-USDT,SEI,USDT,1698566633000,x-3QreWesySSIUT608d65cc9670d96f4,SELL,MARKET,0.1106000,135,10,"{'fee_type': 'DeductedFromReturns', 'percent': '0', 'percent_token': 'USDT', 'flat_fees': [{'token': 'USDT', 'amount': '0.00746550'}]}",0.00746550,CLOSE,n/a
12647657,v2_market-making_dman_v2,v2_market-making_dman_v2,binance_perpetual,SEI-USDT,SEI,USDT,1698567056000,x-3QreWesyBSIUT608d670ca8e8396f4,BUY,LIMIT,0.1108000,135,10,"{'fee_type': 'AddedToCost', 'percent': '0', 'percent_token': 'USDT', 'flat_fees': [{'token': 'USDT', 'amount': '0.00299160'}]}",0.00299160,OPEN,00:01:28
12648372,v2_market-making_dman_v2,v2_market-making_dman_v2,binance_perpetual,SEI-USDT,SEI,USDT,1698567897000,x-3QreWesySSIUT608d6a8392d8096f4,SELL,MARKET,0.1110000,135,10,"{'fee_type': 'DeductedFromReturns', 'percent': '0', 'percent_token': 'USDT', 'flat_fees': [{'token': 'USDT', 'amount': '0.00749250'}]}",0.00749250,CLOSE,n/a
12653134,v2_market-making_dman_v2,v2_market-making_dman_v2,binance_perpetual,SEI-USDT,SEI,USDT,1698573851000,x-3QreWesyBSIUT608d7fdf7a83596f4,BUY,LIMIT,0.1106000,135,10,"{'fee_type': 'AddedToCost', 'percent': '0', 'percent_token': 'USDT', 'flat_fees': [{'token': 'USDT', 'amount': '0.00298620'}]}",0.00298620,OPEN,00:03:40
12653460,v2_market-making_dman_v2,v2_market-making_dman_v2,binance_perpetual,SEI-USDT,SEI,USDT,1698574019000,x-3QreWesyBSIUT608d8059fa90b96f4,BUY,LIMIT,0.1102000,270,10,"{'fee_type': 'AddedToCost', 'percent': '0', 'percent_token': 'USDT', 'flat_fees': [{'token': 'USDT', 'amount': '0.00595080'}]}",0.00595080,OPEN,00:04:19
12654292,v2_market-making_dman_v2,v2_market-making_dman_v2,binance_perpetual,SEI-USDT,SEI,USDT,1698575008000,x-3QreWesySSIUT608d84ffd3a9d96f4,SELL,MARKET,0.1104000,270,10,"{'fee_type': 'DeductedFromReturns', 'percent': '0', 'percent_token': 'USDT', 'flat_fees': [{'token': 'USDT', 'amount': '0.01490400'}]}",0.01490400,CLOSE,n/a
12655680,v2_market-making_dman_v2,v2_market-making_dman_v2,binance_perpetual,SEI-USDT,SEI,USDT,1698576655000,x-3QreWesySSIUT608d8b22dde9e96f4,SELL,MARKET,0.1108000,135,10,"{'fee_type': 'DeductedFromReturns', 'percent': '0', 'percent_token': 'USDT', 'flat_fees': [{'token': 'USDT', 'amount': '0.00747900'}]}",0.00747900,CLOSE,n/a
12656253,v2_market-making_dman_v2,v2_market-making_dman_v2,binance_perpetual,SEI-USDT,SEI,USDT,1698576927000,x-3QreWesyBSIUT608d8b32223af96f4,BUY,LIMIT,0.1106000,135,10,"{'fee_type': 'AddedToCost', 'percent': '0', 'percent_token': 'USDT', 'flat_fees': [{'token': 'USDT', 'amount': '0.00298620'}]}",0.00298620,OPEN,00:04:16
12656591,v2_market-making_dman_v2,v2_market-making_dman_v2,binance_perpetual,SEI-USDT,SEI,USDT,1698577073000,x-3QreWesySSIUT608d8cb1221ab96f4,SELL,MARKET,0.1108000,135,10,"{'fee_type': 'DeductedFromReturns', 'percent': '0', 'percent_token': 'USDT', 'flat_fees': [{'token': 'USDT', 'amount': '0.00747900'}]}",0.00747900,CLOSE,n/a
12658481,v2_market-making_dman_v2,v2_market-making_dman_v2,binance_perpetual,SEI-USDT,SEI,USDT,1698579056000,x-3QreWesyBSIUT608d93df7ecba96f4,BUY,LIMIT,0.1110000,134,10,"{'fee_type': 'AddedToCost', 'percent': '0', 'percent_token': 'USDT', 'flat_fees': [{'token': 'USDT', 'amount': '0.00297480'}]}",0.00297480,OPEN,00:00:56
12658657,v2_market-making_dman_v2,v2_market-making_dman_v2,binance_perpetual,SEI-USDT,SEI,USDT,1698579082000,x-3QreWesyBSIUT608d93429147596f4,BUY,LIMIT,0.1109000,269,10,"{'fee_type': 'AddedToCost', 'percent': '0', 'percent_token': 'USDT', 'flat_fees': [{'token': 'USDT', 'amount': '0.00596642'}]}",0.00596642,OPEN,00:04:06
12659371,v2_market-making_dman_v2,v2_market-making_dman_v2,binance_perpetual,SEI-USDT,SEI,USDT,1698579126000,x-3QreWesySSIUT608d94574963d96f4,SELL,MARKET,0.1112000,269,10,"{'fee_type': 'DeductedFromReturns', 'percent': '0', 'percent_token': 'USDT', 'flat_fees': [{'token': 'USDT', 'amount': '0.01495640'}]}",0.01495640,CLOSE,00:00:00
12659372,v2_market-making_dman_v2,v2_market-making_dman_v2,binance_perpetual,SEI-USDT,SEI,USDT,1698579126000,x-3QreWesySSIUT608d945746e9f96f4,SELL,MARKET,0.1112000,134,10,"{'fee_type': 'DeductedFromReturns', 'percent': '0', 'percent_token': 'USDT', 'flat_fees': [{'token': 'USDT', 'amount': '0.00745040'}]}",0.00745040,CLOSE,00:00:00
12663284,v2_market-making_dman_v2,v2_market-making_dman_v2,binance_perpetual,SEI-USDT,SEI,USDT,1698584067000,x-3QreWesyBSIUT608da6258083b96f4,BUY,LIMIT,0.1113000,134,10,"{'fee_type': 'AddedToCost', 'percent': '0', 'percent_token': 'USDT', 'flat_fees': [{'token': 'USDT', 'amount': '0.00298284'}]}",0.00298284,OPEN,00:02:42
12670735,v2_market-making_dman_v2,v2_market-making_dman_v2,binance_perpetual,SEI-USDT,SEI,USDT,1698590300000,x-3QreWesySSIUT608dbdf79471796f4,SELL,MARKET,0.1115000,134,10,"{'fee_type': 'DeductedFromReturns', 'percent': '0', 'percent_token': 'USDT', 'flat_fees': [{'token': 'USDT', 'amount': '0.00747050'}]}",0.00747050,CLOSE,n/a
12671373,v2_market-making_dman_v2,v2_market-making_dman_v2,binance_perpetual,SEI-USDT,SEI,USDT,1698590823000,x-3QreWesyBSIUT608dbf354af7d96f4,BUY,LIMIT,0.1113000,134,10,"{'fee_type': 'AddedToCost', 'percent': '0', 'percent_token': 'USDT', 'flat_fees': [{'token': 'USDT', 'amount': '0.00298284'}]}",0.00298284,OPEN,00:03:10
12672097,v2_market-making_dman_v2,v2_market-making_dman_v2,binance_perpetual,SEI-USDT,SEI,USDT,1698591676000,x-3QreWesySSIUT608dc3184304096f4,SELL,MARKET,0.1115000,134,10,"{'fee_type': 'DeductedFromReturns', 'percent': '0', 'percent_token': 'USDT', 'flat_fees': [{'token': 'USDT', 'amount': '0.00747050'}]}",0.00747050,CLOSE,n/a
12673245,v2_market-making_dman_v2,v2_market-making_dman_v2,binance_perpetual,SEI-USDT,SEI,USDT,1698592136000,x-3QreWesyBSIUT608dc4568c6d996f4,BUY,LIMIT,0.1115000,134,10,"{'fee_type': 'AddedToCost', 'percent': '0', 'percent_token': 'USDT', 'flat_fees': [{'token': 'USDT', 'amount': '0.00298820'}]}",0.00298820,OPEN,00:02:06
12674111,v2_market-making_dman_v2,v2_market-making_dman_v2,binance_perpetual,SEI-USDT,SEI,USDT,1698592267000,x-3QreWesySSIUT608dc54be86a096f4,SELL,MARKET,0.1117000,134,10,"{'fee_type': 'DeductedFromReturns', 'percent': '0', 'percent_token': 'USDT', 'flat_fees': [{'token': 'USDT', 'amount': '0.00748390'}]}",0.00748390,CLOSE,00:00:00
12675084,v2_market-making_dman_v2,v2_market-making_dman_v2,binance_perpetual,SEI-USDT,SEI,USDT,1698593021000,x-3QreWesyBSIUT608dc7b8a330e96f4,BUY,LIMIT,0.1115000,134,10,"{'fee_type': 'AddedToCost', 'percent': '0', 'percent_token': 'USDT', 'flat_fees': [{'token': 'USDT', 'amount': '0.00298820'}]}",0.00298820,OPEN,00:01:43
12678794,v2_market-making_dman_v2,v2_market-making_dman_v2,binance_perpetual,SEI-USDT,SEI,USDT,1698595935000,x-3QreWesySSIUT608dd2f596bd296f4,SELL,MARKET,0.1117000,134,10,"{'fee_type': 'DeductedFromReturns', 'percent': '0', 'percent_token': 'USDT', 'flat_fees': [{'token': 'USDT', 'amount': '0.00748390'}]}",0.00748390,CLOSE,00:00:00
12679182,v2_market-making_dman_v2,v2_market-making_dman_v2,binance_perpetual,SEI-USDT,SEI,USDT,1698596408000,x-3QreWesyBSIUT608dd437fa57296f4,BUY,LIMIT,0.1116000,134,10,"{'fee_type': 'AddedToCost', 'percent': '0', 'percent_token': 'USDT', 'flat_fees': [{'token': 'USDT', 'amount': '0.00299088'}]}",0.00299088,OPEN,00:02:16
12684582,v2_market-making_dman_v2,v2_market-making_dman_v2,binance_perpetual,SEI-USDT,SEI,USDT,1698602287000,x-3QreWesyBSIUT608de99c9249996f4,BUY,LIMIT,0.1112000,268,10,"{'fee_type': 'AddedToCost', 'percent': '0', 'percent_token': 'USDT', 'flat_fees': [{'token': 'USDT', 'amount': '0.00596032'}]}",0.00596032,OPEN,00:04:33
12684929,v2_market-making_dman_v2,v2_market-making_dman_v2,binance_perpetual,SEI-USDT,SEI,USDT,1698602611000,x-3QreWesySSIUT608debd49284296f4,SELL,MARKET,0.1117000,268,10,"{'fee_type': 'DeductedFromReturns', 'percent': '0', 'percent_token': 'USDT', 'flat_fees': [{'token': 'USDT', 'amount': '0.01496780'}]}",0.01496780,CLOSE,00:00:00
12685311,v2_market-making_dman_v2,v2_market-making_dman_v2,binance_perpetual,SEI-USDT,SEI,USDT,1698602952000,x-3QreWesySSIUT608ded190b16896f4,SELL,MARKET,0.1118000,134,10,"{'fee_type': 'DeductedFromReturns', 'percent': '0', 'percent_token': 'USDT', 'flat_fees': [{'token': 'USDT', 'amount': '0.00749060'}]}",0.00749060,CLOSE,00:00:01
12686647,v2_market-making_dman_v2,v2_market-making_dman_v2,binance_perpetual,SEI-USDT,SEI,USDT,1698604463000,x-3QreWesyBSIUT608df1e87a45b96f4,BUY,LIMIT,0.1114000,134,10,"{'fee_type': 'AddedToCost', 'percent': '0', 'percent_token': 'USDT', 'flat_fees': [{'token': 'USDT', 'amount': '0.00298552'}]}",0.00298552,OPEN,00:03:40
12686842,v2_market-making_dman_v2,v2_market-making_dman_v2,binance_perpetual,SEI-USDT,SEI,USDT,1698604658000,x-3QreWesySSIUT608df3742fcb796f4,SELL,MARKET,0.1116000,134,10,"{'fee_type': 'DeductedFromReturns', 'percent': '0', 'percent_token': 'USDT', 'flat_fees': [{'token': 'USDT', 'amount': '0.00747720'}]}",0.00747720,CLOSE,00:00:00
12688497,v2_market-making_dman_v2,v2_market-making_dman_v2,binance_perpetual,SEI-USDT,SEI,USDT,1698606147000,x-3QreWesyBSIUT608df8419f0fc96f4,BUY,LIMIT,0.1116000,134,10,"{'fee_type': 'AddedToCost', 'percent': '0', 'percent_token': 'USDT', 'flat_fees': [{'token': 'USDT', 'amount': '0.00299088'}]}",0.00299088,OPEN,00:03:21
12691898,v2_market-making_dman_v2,v2_market-making_dman_v2,binance_perpetual,SEI-USDT,SEI,USDT,1698611413000,x-3QreWesyBSIUT608e0be1f695296f4,BUY,LIMIT,0.1113000,268,10,"{'fee_type': 'AddedToCost', 'percent': '0', 'percent_token': 'USDT', 'flat_fees': [{'token': 'USDT', 'amount': '0.00596568'}]}",0.00596568,OPEN,00:03:18
12692114,v2_market-making_dman_v2,v2_market-making_dman_v2,binance_perpetual,SEI-USDT,SEI,USDT,1698611867000,x-3QreWesySSIUT608e0e4fe3ea396f4,SELL,MARKET,0.1116000,268,10,"{'fee_type': 'DeductedFromReturns', 'percent': '0', 'percent_token': 'USDT', 'flat_fees': [{'token': 'USDT', 'amount': '0.01495440'}]}",0.01495440,CLOSE,00:00:00
12693318,v2_market-making_dman_v2,v2_market-making_dman_v2,binance_perpetual,SEI-USDT,SEI,USDT,1698613811000,x-3QreWesySSIUT608e158db97f596f4,SELL,MARKET,0.1119000,134,10,"{'fee_type': 'DeductedFromReturns', 'percent': '0', 'percent_token': 'USDT', 'flat_fees': [{'token': 'USDT', 'amount': '0.00749730'}]}",0.00749730,CLOSE,00:00:00
12695563,v2_market-making_dman_v2,v2_market-making_dman_v2,binance_perpetual,SEI-USDT,SEI,USDT,1698616607000,x-3QreWesyBSIUT608e1f1225c5296f4,BUY,LIMIT,0.1116000,133,10,"{'fee_type': 'AddedToCost', 'percent': '0', 'percent_token': 'USDT', 'flat_fees': [{'token': 'USDT', 'amount': '0.00296856'}]}",0.00296856,OPEN,00:04:01
12696272,v2_market-making_dman_v2,v2_market-making_dman_v2,binance_perpetual,SEI-USDT,SEI,USDT,1698617277000,x-3QreWesySSIUT608e22774dfe796f4,SELL,MARKET,0.1119000,133,10,"{'fee_type': 'DeductedFromReturns', 'percent': '0', 'percent_token': 'USDT', 'flat_fees': [{'token': 'USDT', 'amount': '0.00744135'}]}",0.00744135,CLOSE,00:00:00
12698100,v2_market-making_dman_v2,v2_market-making_dman_v2,binance_perpetual,SEI-USDT,SEI,USDT,1698620378000,x-3QreWesyBSIUT608e2d33a9df096f4,BUY,LIMIT,0.1121000,133,10,"{'fee_type': 'AddedToCost', 'percent': '0', 'percent_token': 'USDT', 'flat_fees': [{'token': 'USDT', 'amount': '0.00298186'}]}",0.00298186,OPEN,00:03:39
12698334,v2_market-making_dman_v2,v2_market-making_dman_v2,binance_perpetual,SEI-USDT,SEI,USDT,1698620548000,x-3QreWesySSIUT608e2ea6c59a996f4,SELL,MARKET,0.1123000,133,10,"{'fee_type': 'DeductedFromReturns', 'percent': '0', 'percent_token': 'USDT', 'flat_fees': [{'token': 'USDT', 'amount': '0.00746795'}]}",0.00746795,CLOSE,00:00:00
12698682,v2_market-making_dman_v2,v2_market-making_dman_v2,binance_perpetual,SEI-USDT,SEI,USDT,1698620849000,x-3QreWesyBSIUT608e2eb7c784296f4,BUY,LIMIT,0.1123000,133,10,"{'fee_type': 'AddedToCost', 'percent': '0', 'percent_token': 'USDT', 'flat_fees': [{'token': 'USDT', 'amount': '0.00298718'}]}",0.00298718,OPEN,00:04:43
12703020,v2_market-making_dman_v2,v2_market-making_dman_v2,binance_perpetual,SEI-USDT,SEI,USDT,1698626093000,x-3QreWesyBSIUT608e427618ea596f4,BUY,LIMIT,0.1114000,268,10,"{'fee_type': 'AddedToCost', 'percent': '0', 'percent_token': 'USDT', 'flat_fees': [{'token': 'USDT', 'amount': '0.00597104'}]}",0.00597104,OPEN,00:03:47
12704873,v2_market-making_dman_v2,v2_market-making_dman_v2,binance_perpetual,SEI-USDT,SEI,USDT,1698627830000,x-3QreWesySSIUT608e49c86012c96f4,SELL,MARKET,0.1116000,268,10,"{'fee_type': 'DeductedFromReturns', 'percent': '0', 'percent_token': 'USDT', 'flat_fees': [{'token': 'USDT', 'amount': '0.01495440'}]}",0.01495440,CLOSE,00:00:00
12707000,v2_market-making_dman_v2,v2_market-making_dman_v2,binance_perpetual,SEI-USDT,SEI,USDT,1698631255000,x-3QreWesyBSIUT608e55a629a4f96f4,BUY,LIMIT,0.1107000,269,10,"{'fee_type': 'AddedToCost', 'percent': '0', 'percent_token': 'USDT', 'flat_fees': [{'token': 'USDT', 'amount': '0.00595566'}]}",0.00595566,OPEN,00:03:58
12707684,v2_market-making_dman_v2,v2_market-making_dman_v2,binance_perpetual,SEI-USDT,SEI,USDT,1698631416000,x-3QreWesySSIUT608e5722e89e796f4,SELL,MARKET,0.1109000,269,10,"{'fee_type': 'DeductedFromReturns', 'percent': '0', 'percent_token': 'USDT', 'flat_fees': [{'token': 'USDT', 'amount': '0.01491605'}]}",0.01491605,CLOSE,00:00:00
12708982,v2_market-making_dman_v2,v2_market-making_dman_v2,binance_perpetual,SEI-USDT,SEI,USDT,1698632969000,x-3QreWesyBSIUT608e5bf167b1396f4,BUY,LIMIT,0.1102000,270,10,"{'fee_type': 'AddedToCost', 'percent': '0', 'percent_token': 'USDT', 'flat_fees': [{'token': 'USDT', 'amount': '0.00595080'}]}",0.00595080,OPEN,00:04:24
12709255,v2_market-making_dman_v2,v2_market-making_dman_v2,binance_perpetual,SEI-USDT,SEI,USDT,1698633112000,x-3QreWesySSIUT608e5d74ca32d96f4,SELL,MARKET,0.1105000,270,10,"{'fee_type': 'DeductedFromReturns', 'percent': '0', 'percent_token': 'USDT', 'flat_fees': [{'token': 'USDT', 'amount': '0.01491750'}]}",0.01491750,CLOSE,00:00:00
12710648,v2_market-making_dman_v2,v2_market-making_dman_v2,binance_perpetual,SEI-USDT,SEI,USDT,1698633882000,x-3QreWesyBSIUT608e5fe347e0d96f4,BUY,LIMIT,0.1107000,269,10,"{'fee_type': 'AddedToCost', 'percent': '0', 'percent_token': 'USDT', 'flat_fees': [{'token': 'USDT', 'amount': '0.00595566'}]}",0.00595566,OPEN,00:01:57
12710973,v2_market-making_dman_v2,v2_market-making_dman_v2,binance_perpetual,SEI-USDT,SEI,USDT,1698634063000,x-3QreWesySSIUT608e610051fe896f4,SELL,MARKET,0.1113000,269,10,"{'fee_type': 'DeductedFromReturns', 'percent': '0', 'percent_token': 'USDT', 'flat_fees': [{'token': 'USDT', 'amount': '0.01496985'}]}",0.01496985,CLOSE,n/a
12714006,v2_market-making_dman_v2,v2_market-making_dman_v2,binance_perpetual,SEI-USDT,SEI,USDT,1698638585000,x-3QreWesyBSIUT608e71d7c5a4696f4,BUY,MARKET,0.1104000,138,10,"{'fee_type': 'DeductedFromReturns', 'percent': '0', 'percent_token': 'USDT', 'flat_fees': [{'token': 'USDT', 'amount': '0.00761760'}]}",0.00761760,CLOSE,00:00:00
12715080,v2_market-making_dman_v2,v2_market-making_dman_v2,binance_perpetual,SEI-USDT,SEI,USDT,1698640791000,x-3QreWesySSIUT608e79082c63196f4,SELL,LIMIT,0.1110000,135,10,"{'fee_type': 'AddedToCost', 'percent': '0', 'percent_token': 'USDT', 'flat_fees': [{'token': 'USDT', 'amount': '0.00299700'}]}",0.00299700,OPEN,00:04:36
12717647,v2_market-making_dman_v2,v2_market-making_dman_v2,binance_perpetual,SEI-USDT,SEI,USDT,1698643629000,x-3QreWesyBSIUT608e84a20d39696f4,BUY,MARKET,0.1108000,135,10,"{'fee_type': 'DeductedFromReturns', 'percent': '0', 'percent_token': 'USDT', 'flat_fees': [{'token': 'USDT', 'amount': '0.00747900'}]}",0.00747900,CLOSE,00:00:00
12717921,v2_market-making_dman_v2,v2_market-making_dman_v2,binance_perpetual,SEI-USDT,SEI,USDT,1698644071000,x-3QreWesySSIUT608e85e1d5e8396f4,SELL,LIMIT,0.1109000,135,10,"{'fee_type': 'AddedToCost', 'percent': '0', 'percent_token': 'USDT', 'flat_fees': [{'token': 'USDT', 'amount': '0.00299430'}]}",0.00299430,OPEN,00:01:47
12718398,v2_market-making_dman_v2,v2_market-making_dman_v2,binance_perpetual,SEI-USDT,SEI,USDT,1698645263000,x-3QreWesyBSIUT608e8ab9c629696f4,BUY,MARKET,0.1106000,135,10,"{'fee_type': 'DeductedFromReturns', 'percent': '0', 'percent_token': 'USDT', 'flat_fees': [{'token': 'USDT', 'amount': '0.00746550'}]}",0.00746550,CLOSE,00:00:00
12718611,v2_market-making_dman_v2,v2_market-making_dman_v2,binance_perpetual,SEI-USDT,SEI,USDT,1698645660000,x-3QreWesySSIUT608e8bf846a8c96f4,SELL,LIMIT,0.1105000,135,10,"{'fee_type': 'AddedToCost', 'percent': '0', 'percent_token': 'USDT', 'flat_fees': [{'token': 'USDT', 'amount': '0.00298350'}]}",0.00298350,OPEN,00:01:03
12718935,v2_market-making_dman_v2,v2_market-making_dman_v2,binance_perpetual,SEI-USDT,SEI,USDT,1698646085000,x-3QreWesyBSIUT608e8dc99303296f4,BUY,MARKET,0.1103000,135,10,"{'fee_type': 'DeductedFromReturns', 'percent': '0', 'percent_token': 'USDT', 'flat_fees': [{'token': 'USDT', 'amount': '0.00744525'}]}",0.00744525,CLOSE,n/a
12720556,v2_market-making_dman_v2,v2_market-making_dman_v2,binance_perpetual,SEI-USDT,SEI,USDT,1698646376000,x-3QreWesyBSIUT608e8eddc3b2b96f4,BUY,MARKET,0.1095000,273,10,"{'fee_type': 'DeductedFromReturns', 'percent': '0', 'percent_token': 'USDT', 'flat_fees': [{'token': 'USDT', 'amount': '0.01494675'}]}",0.01494675,CLOSE,00:00:00
12721009,v2_market-making_dman_v2,v2_market-making_dman_v2,binance_perpetual,SEI-USDT,SEI,USDT,1698646540000,x-3QreWesySSIUT608e8f07d921f96f4,SELL,LIMIT,0.1099000,136,10,"{'fee_type': 'AddedToCost', 'percent': '0', 'percent_token': 'USDT', 'flat_fees': [{'token': 'USDT', 'amount': '0.00298928'}]}",0.00298928,OPEN,00:02:00
12723592,v2_market-making_dman_v2,v2_market-making_dman_v2,binance_perpetual,SEI-USDT,SEI,USDT,1698650281000,x-3QreWesyBSIUT608e9c4de85a396f4,BUY,LIMIT,0.1108000,269,10,"{'fee_type': 'AddedToCost', 'percent': '0', 'percent_token': 'USDT', 'flat_fees': [{'token': 'USDT', 'amount': '0.00596104'}]}",0.00596104,OPEN,00:04:58
12728132,v2_market-making_dman_v2,v2_market-making_dman_v2,binance_perpetual,SEI-USDT,SEI,USDT,1698654954000,x-3QreWesySSIUT608eadba6864f96f4,SELL,LIMIT,0.1109000,272,10,"{'fee_type': 'AddedToCost', 'percent': '0', 'percent_token': 'USDT', 'flat_fees': [{'token': 'USDT', 'amount': '0.00603296'}]}",0.00603296,OPEN,00:04:54
12728232,v2_market-making_dman_v2,v2_market-making_dman_v2,binance_perpetual,SEI-USDT,SEI,USDT,1698654977000,x-3QreWesySSIUT608eaee80936c96f4,SELL,MARKET,0.1110000,269,10,"{'fee_type': 'DeductedFromReturns', 'percent': '0', 'percent_token': 'USDT', 'flat_fees': [{'token': 'USDT', 'amount': '0.01492950'}]}",0.01492950,CLOSE,n/a
12741681,v2_market-making_dman_v2,v2_market-making_dman_v2,binance_perpetual,SEI-USDT,SEI,USDT,1698665665000,x-3QreWesySSIUT608ed6b8df61996f4,SELL,MARKET,0.1126000,133,10,"{'fee_type': 'DeductedFromReturns', 'percent': '0', 'percent_token': 'USDT', 'flat_fees': [{'token': 'USDT', 'amount': '0.00748790'}]}",0.00748790,CLOSE,00:00:02
12741960,v2_market-making_dman_v2,v2_market-making_dman_v2,binance_perpetual,SEI-USDT,SEI,USDT,1698665878000,x-3QreWesyBSIUT608ed6ca99dc296f4,BUY,LIMIT,0.1123000,133,10,"{'fee_type': 'AddedToCost', 'percent': '0', 'percent_token': 'USDT', 'flat_fees': [{'token': 'USDT', 'amount': '0.00298718'}]}",0.00298718,OPEN,00:03:16
12742354,v2_market-making_dman_v2,v2_market-making_dman_v2,binance_perpetual,SEI-USDT,SEI,USDT,1698666070000,x-3QreWesySSIUT608ed83b1a5ba96f4,SELL,MARKET,0.1125000,133,10,"{'fee_type': 'DeductedFromReturns', 'percent': '0', 'percent_token': 'USDT', 'flat_fees': [{'token': 'USDT', 'amount': '0.00748125'}]}",0.00748125,CLOSE,00:00:01
12750423,v2_market-making_dman_v2,v2_market-making_dman_v2,binance_perpetual,SEI-USDT,SEI,USDT,1698669201000,x-3QreWesyBSIUT608ee3e529ff496f4,BUY,MARKET,0.1142000,136,10,"{'fee_type': 'DeductedFromReturns', 'percent': '0', 'percent_token': 'USDT', 'flat_fees': [{'token': 'USDT', 'amount': '0.00776560'}]}",0.00776560,CLOSE,n/a
12751202,v2_market-making_dman_v2,v2_market-making_dman_v2,binance_perpetual,SEI-USDT,SEI,USDT,1698669537000,x-3QreWesySSIUT608ee525b256c96f4,SELL,LIMIT,0.1137000,131,10,"{'fee_type': 'AddedToCost', 'percent': '0', 'percent_token': 'USDT', 'flat_fees': [{'token': 'USDT', 'amount': '0.00744735'}]}",0.00744735,OPEN,00:00:01
12751905,v2_market-making_dman_v2,v2_market-making_dman_v2,binance_perpetual,SEI-USDT,SEI,USDT,1698670051000,x-3QreWesyBSIUT608ee7108d26d96f4,BUY,MARKET,0.1135000,131,10,"{'fee_type': 'DeductedFromReturns', 'percent': '0', 'percent_token': 'USDT', 'flat_fees': [{'token': 'USDT', 'amount': '0.00743425'}]}",0.00743425,CLOSE,00:00:00
12753662,v2_market-making_dman_v2,v2_market-making_dman_v2,binance_perpetual,SEI-USDT,SEI,USDT,1698670608000,x-3QreWesySSIUT608ee8516329296f4,SELL,LIMIT,0.1130000,132,10,"{'fee_type': 'AddedToCost', 'percent': '0', 'percent_token': 'USDT', 'flat_fees': [{'token': 'USDT', 'amount': '0.00298320'}]}",0.00298320,OPEN,00:03:42
12754514,v2_market-making_dman_v2,v2_market-making_dman_v2,binance_perpetual,SEI-USDT,SEI,USDT,1698670870000,x-3QreWesyBSIUT608eea1ccd3a696f4,BUY,MARKET,0.1128000,132,10,"{'fee_type': 'DeductedFromReturns', 'percent': '0', 'percent_token': 'USDT', 'flat_fees': [{'token': 'USDT', 'amount': '0.00744480'}]}",0.00744480,CLOSE,00:00:00
12758017,v2_market-making_dman_v2,v2_market-making_dman_v2,binance_perpetual,SEI-USDT,SEI,USDT,1698672898000,x-3QreWesySSIUT608ef1464133196f4,SELL,LIMIT,0.1135000,132,10,"{'fee_type': 'AddedToCost', 'percent': '0', 'percent_token': 'USDT', 'flat_fees': [{'token': 'USDT', 'amount': '0.00299640'}]}",0.00299640,OPEN,00:01:46
12758120,v2_market-making_dman_v2,v2_market-making_dman_v2,binance_perpetual,SEI-USDT,SEI,USDT,1698672978000,x-3QreWesyBSIUT608ef1f7ca08196f4,BUY,MARKET,0.1132000,132,10,"{'fee_type': 'DeductedFromReturns', 'percent': '0', 'percent_token': 'USDT', 'flat_fees': [{'token': 'USDT', 'amount': '0.00747120'}]}",0.00747120,CLOSE,00:00:00
12759145,v2_market-making_dman_v2,v2_market-making_dman_v2,binance_perpetual,SEI-USDT,SEI,USDT,1698673613000,x-3QreWesySSIUT608ef33690ac296f4,SELL,LIMIT,0.1134000,132,10,"{'fee_type': 'AddedToCost', 'percent': '0', 'percent_token': 'USDT', 'flat_fees': [{'token': 'USDT', 'amount': '0.00299376'}]}",0.00299376,OPEN,00:05:01
12759851,v2_market-making_dman_v2,v2_market-making_dman_v2,binance_perpetual,SEI-USDT,SEI,USDT,1698673745000,x-3QreWesyBSIUT608ef4d319c7896f4,BUY,MARKET,0.1127000,132,10,"{'fee_type': 'DeductedFromReturns', 'percent': '0', 'percent_token': 'USDT', 'flat_fees': [{'token': 'USDT', 'amount': '0.00743820'}]}",0.00743820,CLOSE,00:00:00
12762842,v2_market-making_dman_v2,v2_market-making_dman_v2,binance_perpetual,SEI-USDT,SEI,USDT,1698675517000,x-3QreWesyBSIUT608efaa67ad5e96f4,BUY,LIMIT,0.1127000,132,10,"{'fee_type': 'AddedToCost', 'percent': '0', 'percent_token': 'USDT', 'flat_fees': [{'token': 'USDT', 'amount': '0.00297528'}]}",0.00297528,OPEN,00:03:29
12763137,v2_market-making_dman_v2,v2_market-making_dman_v2,binance_perpetual,SEI-USDT,SEI,USDT,1698675648000,x-3QreWesySSIUT608efbe97da9596f4,SELL,MARKET,0.1132000,132,10,"{'fee_type': 'DeductedFromReturns', 'percent': '0', 'percent_token': 'USDT', 'flat_fees': [{'token': 'USDT', 'amount': '0.00747120'}]}",0.00747120,CLOSE,n/a
12763379,v2_market-making_dman_v2,v2_market-making_dman_v2,binance_perpetual,SEI-USDT,SEI,USDT,1698675837000,x-3QreWesyBSIUT608efbf90ae8096f4,BUY,LIMIT,0.1129000,132,10,"{'fee_type': 'AddedToCost', 'percent': '0', 'percent_token': 'USDT', 'flat_fees': [{'token': 'USDT', 'amount': '0.00298056'}]}",0.00298056,OPEN,00:02:53
12765492,v2_market-making_dman_v2,v2_market-making_dman_v2,binance_perpetual,SEI-USDT,SEI,USDT,1698677107000,x-3QreWesyBSIUT608f00a7127c796f4,BUY,LIMIT,0.1118000,266,10,"{'fee_type': 'AddedToCost', 'percent': '0', 'percent_token': 'USDT', 'flat_fees': [{'token': 'USDT', 'amount': '0.00594776'}]}",0.00594776,OPEN,00:03:07
12765861,v2_market-making_dman_v2,v2_market-making_dman_v2,binance_perpetual,SEI-USDT,SEI,USDT,1698677208000,x-3QreWesySSIUT608f01b93140c96f4,SELL,MARKET,0.1123000,266,10,"{'fee_type': 'DeductedFromReturns', 'percent': '0', 'percent_token': 'USDT', 'flat_fees': [{'token': 'USDT', 'amount': '0.01493590'}]}",0.01493590,CLOSE,n/a
12768077,v2_market-making_dman_v2,v2_market-making_dman_v2,binance_perpetual,SEI-USDT,SEI,USDT,1698679148000,x-3QreWesySSIUT608f07d63019696f4,SELL,LIMIT,0.1128000,133,10,"{'fee_type': 'AddedToCost', 'percent': '0', 'percent_token': 'USDT', 'flat_fees': [{'token': 'USDT', 'amount': '0.00300048'}]}",0.00300048,OPEN,00:05:00
12768355,v2_market-making_dman_v2,v2_market-making_dman_v2,binance_perpetual,SEI-USDT,SEI,USDT,1698679386000,x-3QreWesyBSIUT608f09d6576d696f4,BUY,MARKET,0.1125000,133,10,"{'fee_type': 'DeductedFromReturns', 'percent': '0', 'percent_token': 'USDT', 'flat_fees': [{'token': 'USDT', 'amount': '0.00748125'}]}",0.00748125,CLOSE,00:00:00
12768920,v2_market-making_dman_v2,v2_market-making_dman_v2,binance_perpetual,SEI-USDT,SEI,USDT,1698679915000,x-3QreWesySSIUT608f0b18cc5be96f4,SELL,LIMIT,0.1124000,133,10,"{'fee_type': 'AddedToCost', 'percent': '0', 'percent_token': 'USDT', 'flat_fees': [{'token': 'USDT', 'amount': '0.00298984'}]}",0.00298984,OPEN,00:03:12
12772933,v2_market-making_dman_v2,v2_market-making_dman_v2,binance_perpetual,SEI-USDT,SEI,USDT,1698685931000,x-3QreWesyBSIUT608f22389a23f96f4,BUY,MARKET,0.1121000,133,10,"{'fee_type': 'DeductedFromReturns', 'percent': '0', 'percent_token': 'USDT', 'flat_fees': [{'token': 'USDT', 'amount': '0.00745465'}]}",0.00745465,CLOSE,00:00:00
12773137,v2_market-making_dman_v2,v2_market-making_dman_v2,binance_perpetual,SEI-USDT,SEI,USDT,1698685949000,x-3QreWesyBSIUT608f21c61923f96f4,BUY,LIMIT,0.1116000,267,10,"{'fee_type': 'AddedToCost', 'percent': '0', 'percent_token': 'USDT', 'flat_fees': [{'token': 'USDT', 'amount': '0.00595944'}]}",0.00595944,OPEN,00:02:18
12775523,v2_market-making_dman_v2,v2_market-making_dman_v2,binance_perpetual,SEI-USDT,SEI,USDT,1698686186000,x-3QreWesyBSIUT608f232b162f796f4,BUY,MARKET,0.1107000,272,10,"{'fee_type': 'DeductedFromReturns', 'percent': '0', 'percent_token': 'USDT', 'flat_fees': [{'token': 'USDT', 'amount': '0.01505520'}]}",0.01505520,CLOSE,00:00:01
12777312,v2_market-making_dman_v2,v2_market-making_dman_v2,binance_perpetual,SEI-USDT,SEI,USDT,1698686490000,x-3QreWesySSIUT608f23778c91696f4,SELL,LIMIT,0.1111000,135,10,"{'fee_type': 'AddedToCost', 'percent': '0', 'percent_token': 'USDT', 'flat_fees': [{'token': 'USDT', 'amount': '0.00299970'}]}",0.00299970,OPEN,00:03:45
12780747,v2_market-making_dman_v2,v2_market-making_dman_v2,binance_perpetual,SEI-USDT,SEI,USDT,1698689172000,x-3QreWesySSIUT608f2e4b185ef96f4,SELL,MARKET,0.1118000,267,10,"{'fee_type': 'DeductedFromReturns', 'percent': '0', 'percent_token': 'USDT', 'flat_fees': [{'token': 'USDT', 'amount': '0.01492530'}]}",0.01492530,CLOSE,00:00:00
